Code,Titre,Coef,Level
ALG3,Algèbre 3,3,2CP
ANAL3,Analyse 3,5,2CP
ANAL4,Analyse 4,5,2CP
ANG2,Anglais 2,2,2CP
ANG3,Anglais 3,2,2CP
ARCH2,Architecture des ordinateurs 2,4,2CP
ECON,Economie,2,2CP
ELEF2,Electronique fondamentale 2,4,2CP
LOGM,Logique Mathématique,4,2CP
OOE,Optique et Ondes éléctromagnétiques,3,2CP
POO,Programmation Orientée Objet,4,2CP
PRJP,Projet Pluridisciplinaire,4,2CP
PRST1,Probabilités et statistiques,4,2CP
PRST2,Probabilités et Statistiques 2,4,2CP
SFSD,Structure Fichiers et Structures de Données,4,2CP
SINF,Introduction aux systèmes d'information,3,2CP
